﻿<?xml version="1.0" encoding="utf-8"?>
<manifest identifier="_6nkgZhhFodL" version="1.0" xmlns="http://www.imsproject.org/xsd/imscp_rootv1p1p2" xmlns:adlcp="http://www.adlnet.org/xsd/adlcp_rootv1p2" xmlns:xsi="http://www.w3.org/2001/XMLSchema-instance" xsi:schemaLocation="http://www.imsproject.org/xsd/imscp_rootv1p1p2 imscp_rootv1p1p2.xsd http://www.imsglobal.org/xsd/imsmd_rootv1p2p1 imsmd_rootv1p2p1.xsd http://www.adlnet.org/xsd/adlcp_rootv1p2 adlcp_rootv1p2.xsd">
  <metadata>
    <schema>ADL SCORM</schema>
    <schemaversion>1.2</schemaversion>
    <lom xmlns="http://www.imsglobal.org/xsd/imsmd_rootv1p2p1" xmlns:xsi="http://www.w3.org/2001/XMLSchema-instance" xsi:schemaLocation="http://www.imsglobal.org/xsd/imsmd_rootv1p2p1 imsmd_rootv1p2p1.xsd">
      <general>
        <title>
          <langstring xml:lang="x-none">CAE Overview</langstring>
        </title>
      </general>
      <lifecycle>
        <version>
          <langstring xml:lang="x-none">1</langstring>
        </version>
        <status>
          <source>
            <langstring xml:lang="x-none">LOMv1.0</langstring>
          </source>
          <value>
            <langstring xml:lang="x-none">Final</langstring>
          </value>
        </status>
      </lifecycle>
      <metametadata>
        <metadatascheme>ADL SCORM 1.2</metadatascheme>
      </metametadata>
      <educational>
        <typicallearningtime>
          <datetime>PT0H0M0S</datetime>
        </typicallearningtime>
      </educational>
      <rights>
        <cost>
          <source>
            <langstring xml:lang="x-none">LOMv1.0</langstring>
          </source>
          <value>
            <langstring xml:lang="x-none">yes</langstring>
          </value>
        </cost>
        <copyrightandotherrestrictions>
          <source>
            <langstring xml:lang="x-none">LOMv1.0</langstring>
          </source>
          <value>
            <langstring xml:lang="x-none">yes</langstring>
          </value>
        </copyrightandotherrestrictions>
      </rights>
    </lom>
  </metadata>
  <organizations default="CAE_Overview_ORG">
    <organization identifier="CAE_Overview_ORG">
      <title>CAE Overview</title>
      <item identifier="OCM_eLearning_Template_SCO" isvisible="true" identifierref="__6nkgZhhFodL_RES">
        <title>CAE Overview</title>
      </item>
    </organization>
  </organizations>
  <resources>
    <resource identifier="__6nkgZhhFodL_RES" type="webcontent" href="index_lms.html" adlcp:scormtype="sco">
      <file href="story_content/thumbnail.jpg" />
      <file href="mobile/6TATx6tsZXB_80.jpg" />
      <file href="mobile/5ozdwQwt6wQ_M_110_110.png" />
      <file href="story_content/6GhnmRpeDXL_44100_48_0.mp3" />
      <file href="story_content/6SMwYq4MVS5_captions.js" />
      <file href="mobile/5unEbP6Bb9b_80_P_49_0_502_383.jpg" />
      <file href="mobile/5unEbP6Bb9b_80_P_0_0_123_383.jpg" />
      <file href="story_content/5W01Ve8ILUB_44100_48_0.mp3" />
      <file href="story_content/5ZKnjzIQqFd_captions.js" />
      <file href="mobile/6FRaOGnNoML_M_238_238.png" />
      <file href="mobile/6QhXmfOVyix_X_80_P_628_0_1138_500.jpg" />
      <file href="mobile/6FRaOGnNoML_M_240_240.png" />
      <file href="story_content/5o1hCbHnfQR_44100_48_0.mp3" />
      <file href="story_content/6Dfl4kmQxm6_captions.js" />
      <file href="mobile/5xZ5xvLbSV2_80_P_0_12_1060_538.jpg" />
      <file href="mobile/6ZniOSqSQ8n.png" />
      <file href="story_content/6dB7Pfe1HoZ_44100_48_0.mp3" />
      <file href="story_content/5zCiTvpQrEy_captions.js" />
      <file href="story_content/671C1wSL0a9_44100_48_0.mp3" />
      <file href="story_content/6qLYd5QGTU1_captions.js" />
      <file href="mobile/6aBTAXHH7gO.png" />
      <file href="story_content/5naoEV3ow1W_44100_48_0.mp3" />
      <file href="story_content/69tPv7AcEY3_captions.js" />
      <file href="mobile/5kJ1WUkdQ0j_M_1058_1058.png" />
      <file href="story_content/6EYbAkpfauY_44100_48_0.mp3" />
      <file href="story_content/6gA43qHUIoH_captions.js" />
      <file href="mobile/6YL6a1ePK7z_80_P_0_25_626_326.jpg" />
      <file href="story_content/5qEXTjBHRRo_44100_48_0.mp3" />
      <file href="story_content/5YNV4tTvOXx_captions.js" />
      <file href="story_content/6il0bsj3zN5_44100_48_0.mp3" />
      <file href="story_content/6Sra8A6GXwD_captions.js" />
      <file href="mobile/66yO7nAxd6u.png" />
      <file href="mobile/5b5LSADpGw0.png" />
      <file href="mobile/5xfgZUcgmeJ.png" />
      <file href="story_content/5kgmlMtPIhR_44100_48_0.mp3" />
      <file href="story_content/5p9qLlpRs7e_captions.js" />
      <file href="mobile/6QFlSuURfk2.png" />
      <file href="mobile/6QTEWDGkGVK.png" />
      <file href="story_content/5iEvgTN0hf7_44100_48_0.mp3" />
      <file href="story_content/6O7CMvJ6Wcr_captions.js" />
      <file href="mobile/5eh8gjM7vBp_80.jpg" />
      <file href="mobile/68zEll8CeiJ_80.jpg" />
      <file href="mobile/6cHa2T76RsD_80.jpg" />
      <file href="mobile/5zZYyx6Wefi_80.jpg" />
      <file href="mobile/6p0dLOZTBjN_80.jpg" />
      <file href="mobile/6UKgk6O3alY_80.jpg" />
      <file href="mobile/5oiLQJVhkT6_80.jpg" />
      <file href="mobile/6CtaU2FKOfC_80.jpg" />
      <file href="mobile/6TAq4SLN2Ue_80.jpg" />
      <file href="mobile/6D2aaU0ogti_80.jpg" />
      <file href="mobile/6TA28p0WkmT.png" />
      <file href="story_content/5jv0mB7BbNW_44100_48_0.mp3" />
      <file href="story_content/5kJYOgYlwTU_captions.js" />
      <file href="story_content/6pMmUnh1xmz_44100_48_0.mp3" />
      <file href="story_content/5l0ZoJMg5Jy_captions.js" />
      <file href="mobile/6a3tYVHjeNz_80_P_62_30_1788_1213.jpg" />
      <file href="story_content/66z4vfaC5P5_44100_48_0.mp3" />
      <file href="story_content/5sPNFCwJihq_captions.js" />
      <file href="story_content/6FKw2fgxU0A_44100_48_0.mp3" />
      <file href="story_content/5tQ1Icu89oD_captions.js" />
      <file href="mobile/5q47WT6jr31_M_4140_4140_P_2684_0_4946_2085.png" />
      <file href="meta.xml" />
      <file href="story_content/user.js" />
      <file href="mobile/txt__default_5iYtnJaiXZJ.png" />
      <file href="mobile/Shape6DBCrWg743y.png" />
      <file href="mobile/Shape6rp7rRBLKtf.png" />
      <file href="mobile/Shape6C3DspMxHOJ.png" />
      <file href="mobile/txt__default_6H1NmuN4Dqp.png" />
      <file href="mobile/txt__default_6o8n7LFihHX.png" />
      <file href="mobile/txt__default_6P8uvUumVi1.png" />
      <file href="mobile/txt__default_Hover_6P8uvUumVi1.png" />
      <file href="mobile/txt__default_6Po1iwV9b2X.png" />
      <file href="mobile/txt__default_6U2YoUs2N1y.png" />
      <file href="mobile/txt__default_68JOvCEVmp8.png" />
      <file href="mobile/txt__default_6VULUAcdeQz.png" />
      <file href="mobile/txt__default_5dR1XPcGodZ.png" />
      <file href="mobile/txt__default_6Vfo8sMKnUM.png" />
      <file href="mobile/txt__default_5cn4StTCDmh.png" />
      <file href="mobile/txt__default_5s7lLBuuOkI.png" />
      <file href="mobile/txt__default_6PNo5ggLrg4.png" />
      <file href="mobile/txt__default_5ygYIcz7fSO.png" />
      <file href="mobile/txt__default_68ZuuawY1Cv.png" />
      <file href="mobile/txt__default_6g4h8o3ulgf.png" />
      <file href="mobile/txt__default_5tmS2rSu76C.png" />
      <file href="mobile/txt__default_6PPb0cnALbk.png" />
      <file href="mobile/txt__default_6gyHuzXrhfC.png" />
      <file href="mobile/txt__default_5gkDD2A2ms3.png" />
      <file href="mobile/txt__default_6pnLOIYGsN4.png" />
      <file href="mobile/txt__default_6Hi0A6NGusV.png" />
      <file href="html5/data/css/output.min.css" />
      <file href="html5/data/js/5aT3h1kaa41.js" />
      <file href="html5/data/js/5bO3bSPA3zD.js" />
      <file href="html5/data/js/5bXWI531SrS.js" />
      <file href="html5/data/js/5kDUXpi1lwH.js" />
      <file href="html5/data/js/5rVWqNwWYKa.js" />
      <file href="html5/data/js/5WFCDTULwuc.js" />
      <file href="html5/data/js/5WO4K1LFIm3.js" />
      <file href="html5/data/js/6FSyMnFOMIF.js" />
      <file href="html5/data/js/6Gz8NbilasV.js" />
      <file href="html5/data/js/6kEqpwYiqeb.js" />
      <file href="html5/data/js/6lpetmA4Jvw.js" />
      <file href="html5/data/js/6X4akKgwvb5.js" />
      <file href="html5/data/js/data.js" />
      <file href="html5/data/js/frame.js" />
      <file href="html5/data/js/paths.js" />
      <file href="html5/lib/hls/hls.min.js" />
      <file href="html5/lib/scripts/bootstrapper.min.js" />
      <file href="html5/lib/scripts/frame.desktop.min.js" />
      <file href="html5/lib/scripts/frame.mobile.min.js" />
      <file href="html5/lib/scripts/slides.min.js" />
      <file href="html5/lib/stylesheets/desktop.min.css" />
      <file href="html5/lib/stylesheets/mobile.min.css" />
      <file href="html5/lib/stylesheets/mobile-fonts/open-sans-bold.woff" />
      <file href="html5/lib/stylesheets/mobile-fonts/open-sans-light.woff" />
      <file href="html5/lib/stylesheets/mobile-fonts/open-sans-regular.woff" />
      <file href="analytics-frame.html" />
      <file href="story.html" />
      <file href="index_lms.html" />
      <file href="lms/AICCComm.html" />
      <file href="lms/blank.html" />
      <file href="lms/browsersniff.js" />
      <file href="lms/goodbye.html" />
      <file href="lms/scormdriver.js" />
    </resource>
  </resources>
</manifest>